{
  "classification_report": {
    "0": {
      "precision": 0.9035087719298246,
      "recall": 0.7357142857142858,
      "f1-score": 0.8110236220472441,
      "support": 140.0
    },
    "1": {
      "precision": 0.5697674418604651,
      "recall": 0.8166666666666667,
      "f1-score": 0.6712328767123288,
      "support": 60.0
    },
    "accuracy": 0.76,
    "macro avg": {
      "precision": 0.7366381068951449,
      "recall": 0.7761904761904762,
      "f1-score": 0.7411282493797864,
      "support": 200.0
    },
    "weighted avg": {
      "precision": 0.8033863729090167,
      "recall": 0.76,
      "f1-score": 0.7690863984467695,
      "support": 200.0
    }
  },
  "confusion_matrix": [
    [
      103,
      37
    ],
    [
      11,
      49
    ]
  ]
}