{
  "roc_auc": 0.8073809523809524,
  "pr_auc": 0.6334492123517801,
  "f1_score": 0.6712328767123288
}